{"cameraMode":{"drawMode":0,"name":"Shaded","section":"Shading Mode"},"sceneLighting":false,"audioPlay":false,"sceneViewState":{"showFog":true,"showMaterialUpdate":false,"showSkybox":false,"showFlares":true,"showImageEffects":true,"showParticleSystems":true,"showVisualEffectGraphs":true,"m_FxEnabled":true},"in2DMode":false,"pivot":{"x":0.7435410618782044,"y":0.6315258741378784,"z":0.14945077896118165},"rotation":{"x":0.1812993586063385,"y":0.030972227454185487,"z":-0.005713406950235367,"w":0.9829283356666565},"size":2.4454355239868166,"orthographic":false}