{"cameraMode":{"drawMode":0,"name":"Shaded","section":"Shading Mode"},"sceneLighting":false,"audioPlay":false,"sceneViewState":{"showFog":true,"showMaterialUpdate":false,"showSkybox":false,"showFlares":true,"showImageEffects":true,"showParticleSystems":true,"showVisualEffectGraphs":true,"m_FxEnabled":true},"in2DMode":false,"pivot":{"x":-0.5161575078964233,"y":-0.4601781368255615,"z":-0.036287784576416019},"rotation":{"x":0.09957871586084366,"y":0.05519513040781021,"z":-0.005532074719667435,"w":0.9934850931167603},"size":2.598079204559326,"orthographic":false}